file_name,state,city,agency,station_location,start_month,start_month_num,start_year,latitude,longitude
AP001,Andhra Pradesh,Tirupati,APPCB,"Tirumala, Tirupati ",July,7,2016,13.6807357,79.3508975
AP002,Andhra Pradesh,Vijayawada,APPCB,"PWD Grounds, Vijayawada ",May,5,2017,16.5115306,80.6160469
AP003,Andhra Pradesh,Visakhapatnam,APPCB,"GVM Corporation, Visakhapatnam ",July,7,2017,17.6935526,83.2921297
AP004,Andhra Pradesh,Rajamahendravaram,APPCB,"Anand Kala Kshetram, Rajamahendravaram ",September,9,2017,16.9955344,81.777335
AP005,Andhra Pradesh,Amaravati,APPCB,"Secretariat, Amaravati ",November,11,2017,16.5060836,80.5237337
AP006,Andhra Pradesh,Anantapur,APPCB,"Gulzarpet, Anantapur ",August,8,2022,14.6754526,77.5977596
AP007,Andhra Pradesh,Chittoor,APPCB,"Gangineni Cheruvu, Chittoor ",November,11,2022,13.2053706,79.1001608
AP008,Andhra Pradesh,Tirupati,APPCB,"Vaikuntapuram, Tirupati ",November,11,2022,13.6143707,79.41201079999999
AP009,Andhra Pradesh,Vijayawada,APPCB,"Kanuru, Vijayawada ",January,1,2023,16.496767,80.6905974
AP010,Andhra Pradesh,Kadapa,APPCB,"Yerramukkapalli, Kadapa ",January,1,2023,14.4752936,78.8216861
AR001,Arunachal Pradesh,Naharlagun,APSPCB,"Naharlagun, Naharlagun ",March,3,2021,27.1308555,93.709712
AS001,Assam,Guwahati,PCBA,"Railway Colony, Guwahati ",March,3,2019,26.1795873,91.784315
AS002,Assam,Guwahati,PCBA,"Pan Bazaar, Guwahati ",December,12,2020,26.1859679,91.7453642
AS003,Assam,Guwahati,PCBA,"IITG, Guwahati ",September,9,2022,26.2027435,91.7003706
AS004,Assam,Sivasagar,PCBA,"Girls College, Sivasagar ",September,9,2022,26.9834936,94.6394226
AS005,Assam,Nalbari,PCBA,"Bata Chowk, Nalbari ",November,11,2022,26.3533631,91.3983662
AS006,Assam,Guwahati,PCBA,"LGBI Airport, Guwahati ",December,12,2022,26.1805978,91.753943
AS007,Assam,Byrnihat,PCBA,"Central Academy for SFS, Byrnihat ",December,12,2022,26.0515133,91.8696411
AS008,Assam,Silchar,PCBA,"Tarapur, Silchar ",January,1,2023,24.8357721,92.7996391
AS009,Assam,Nagaon,PCBA,"Christianpatty, Nagaon ",March,3,2023,26.3510707,92.6878774
BR001,Bihar,Patna,BSPCB,"IGSC Planetarium Complex, Patna ",July,7,2012,25.5960992,85.16631149999999
BR002,Bihar,Muzaffarpur,BSPCB,"Muzaffarpur Collectorate, Muzaffarpur ",October,10,2015,26.1482548,85.3316097
BR003,Bihar,Gaya,BSPCB,"Collectorate, Gaya ",March,3,2016,24.7910258,85.0065139
BR004,Bihar,Patna,BSPCB,"Samanpura, Patna ",December,12,2019,25.6074609,85.08456749999999
BR005,Bihar,Patna,BSPCB,"Rajbansi Nagar, Patna ",December,12,2019,25.6058892,85.1097491
BR006,Bihar,Patna,BSPCB,"Muradpur, Patna ",December,12,2019,25.6194928,85.14663999999999
BR007,Bihar,Hajipur,BSPCB,"Industrial Area, Hajipur ",March,3,2020,25.6927811,85.24011639999999
BR008,Bihar,Patna,BSPCB,"DRM Office Danapur, Patna ",March,3,2020,25.5890185,85.04291789999999
BR009,Bihar,Gaya,BSPCB,"SFTI Kusdihra, Gaya ",March,3,2020,24.762915,84.9819212
BR010,Bihar,Patna,BSPCB,"Govt. High School Shikarpur, Patna ",March,3,2020,25.5928958,85.2272617
BR011,Bihar,Muzaffarpur,BSPCB,"Buddha Colony, Muzaffarpur ",August,8,2020,26.1166997,85.39950309999999
BR012,Bihar,Rajgir,BSPCB,"Dangi Tola, Rajgir ",July,7,2021,25.0281986,85.420791
BR013,Bihar,Bihar Sharif,BSPCB,"D M Colony, Bihar Sharif ",July,7,2021,25.2033713,85.5142297
BR014,Bihar,Motihari,BSPCB,"Gandak Colony, Motihari ",July,7,2021,26.6506888,84.9114654
BR015,Bihar,Bettiah,BSPCB,"Kamalnath Nagar, Bettiah ",July,7,2021,26.8040197,84.5104212
BR016,Bihar,Darbhanga,BSPCB,"Town Hall   Lal Bagh, Darbhanga ",July,7,2021,26.1514392,85.8934836
BR017,Bihar,Sasaram,BSPCB,"Dada Peer, Sasaram ",July,7,2021,24.951303,84.0021995
BR018,Bihar,Munger,BSPCB,"Town Hall, Munger ",July,7,2021,25.3766685,86.47141289999999
BR019,Bihar,Muzaffarpur,BSPCB,"MIT Daudpur Kothi, Muzaffarpur ",July,7,2021,26.1419666,85.3633507
BR020,Bihar,Chhapra,BSPCB,"Darshan Nagar, Chhapra ",November,11,2021,25.7827064,84.7459203
BR021,Bihar,Bhagalpur,BSPCB,"Mayaganj, Bhagalpur ",November,11,2021,25.2610043,87.0086927
BR022,Bihar,Aurangabad,BSPCB,"Gurdeo Nagar, Aurangabad ",November,11,2021,24.7548649,84.3680054
BR023,Bihar,Bhagalpur,BSPCB,"DM Office_Kachari Chowk, Bhagalpur ",November,11,2021,25.2506776,86.9897915
BR024,Bihar,Manguraha,BSPCB,"Forest Rest House, Manguraha ",November,11,2021,26.5638594,84.60735369999999
BR025,Bihar,Purnia,BSPCB,"Mariam Nagar, Purnia ",November,11,2021,25.766642,87.46658839999999
BR026,Bihar,Gaya,BSPCB,"Kareemganj, Gaya ",November,11,2021,24.7953413,84.98825479999999
BR027,Bihar,Buxar,BSPCB,"Central Jail, Buxar ",November,11,2021,25.554468,83.9504978
BR028,Bihar,Saharsa,BSPCB,"Police Line, Saharsa ",November,11,2021,25.8979684,86.5880148
BR029,Bihar,Kishanganj,BSPCB,"SDM Office_Khagra, Kishanganj ",November,11,2021,26.0824165,87.9377192
BR030,Bihar,Araria,BSPCB,"Kharahiya Basti, Araria ",November,11,2021,26.1475707,87.45668169999999
BR031,Bihar,Siwan,BSPCB,"Chitragupta Nagar, Siwan ",November,11,2021,26.2298955,84.3561766
BR032,Bihar,Katihar,BSPCB,"Mirchaibari, Katihar ",November,11,2021,25.5626421,87.5628552
BR033,Bihar,Arrah,BSPCB,"New DM Office, Arrah ",December,12,2021,25.5626095,84.663264
BR034,Bihar,Samastipur,BSPCB,"DM Office_Kasipur, Samastipur ",March,3,2022,25.8615205,85.7758923
BR035,Bihar,Begusarai,BSPCB,"DRCC Anandpur, Begusarai ",April,4,2022,25.5125411,86.0883392
CG001,Chhattisgarh,Bilaspur,NTPC,"Mangala, Bilaspur ",September,9,2021,22.097191,82.1293881
CG002,Chhattisgarh,Bhilai,Bhilai Steel Plant,"Civic Center, Bhilai ",November,11,2021,21.1861215,81.3428673
CG003,Chhattisgarh,Korba,CECB,"Urja Nagar, Korba ",October,10,2022,22.3470904,82.55035629999999
CG004,Chhattisgarh,Raipur,CECB,"Bhatagaon New ISBT, Raipur ",October,10,2022,21.2513844,81.62964130000002
CG005,Chhattisgarh,Bhilai,CECB,"Hathkhoj, Bhilai ",October,10,2022,21.2340619,81.4261283
CG006,Chhattisgarh,Bhilai,CECB,"32Bungalows, Bhilai ",October,10,2022,21.1951763,81.3120902
CG007,Chhattisgarh,Raipur,CECB,"Krishak Nagar, Raipur ",October,10,2022,21.2380912,81.6336993
CG008,Chhattisgarh,Korba,CECB,"Rampur, Korba ",October,10,2022,22.3720913,82.7387601
CG009,Chhattisgarh,Raipur,CECB,"Siltara Phase II, Raipur ",October,10,2022,21.2698628,81.5894589
CG010,Chhattisgarh,Raipur,CECB,"AIIMS, Raipur ",October,10,2022,21.2564272,81.5795215
CG011,Chhattisgarh,Tumidih,CECB,"OP Jindal Industrial Park, Tumidih ",January,1,2023,22.0582879,83.33886079999999
CG012,Chhattisgarh,Kunjemura,CECB,"OP Jindal School, Kunjemura ",January,1,2023,22.1179731,83.4971357
CG013,Chhattisgarh,Milupara,CECB,"Govt. Higher Secondary School, Milupara ",January,1,2023,22.1913163,83.51900789999999
CG014,Chhattisgarh,Chhal,CECB,"Nawapara SECL Colony, Chhal ",January,1,2023,22.1182781,83.1403675
CH001,Chandigarh,Chandigarh,CPCC,"Sector 25, Chandigarh ",August,8,2019,30.7512305,76.7583714
CH002,Chandigarh,Chandigarh,CPCC,"Sector 22, Chandigarh ",August,8,2021,30.7199833,76.7851783
CH003,Chandigarh,Chandigarh,CPCC,"Sector 53, Chandigarh ",January,1,2022,30.71931549999999,76.7245999
DL001,Delhi,Delhi,CPCB,"ITO, Delhi ",January,1,2010,28.6275431,77.242955
DL002,Delhi,Delhi,CPCB,"Shadipur, Delhi ",January,1,2010,28.651027,77.1562196
DL003,Delhi,Delhi,CPCB,"Sirifort, Delhi ",January,1,2010,28.552595,77.21891
DL004,Delhi,Delhi,CPCB,"NSIT Dwarka, Delhi ",January,1,2010,28.6109375,77.0384531
DL005,Delhi,Delhi,CPCB,"IHBAS, Dilshad Garden, Delhi ",January,1,2010,28.6826275,77.3049532
DL006,Delhi,Delhi,CPCB,"DTU, Delhi ",January,1,2010,28.7499533,77.11751939999999
DL007,Delhi,Delhi,IMD,"Burari Crossing, Delhi ",March,3,2010,28.7287217,77.1961012
DL008,Delhi,Delhi,IMD,"North Campus, DU, Delhi ",March,3,2010,28.6879795,77.2091004
DL009,Delhi,Delhi,IMD,"Pusa, Delhi ",May,5,2010,28.6362997,77.1576444
DL010,Delhi,Delhi,IMD,"CRRI Mathura Road, Delhi ",August,8,2010,28.5500925,77.2751557
DL011,Delhi,Delhi,IMD,"Aya Nagar, Delhi ",September,9,2010,28.476491,77.1329132
DL012,Delhi,Delhi,DPCC,"Mandir Marg, Delhi ",May,5,2011,28.6339606,77.2003193
DL013,Delhi,Delhi,DPCC,"R K Puram, Delhi ",May,5,2011,28.5660075,77.1767435
DL014,Delhi,Delhi,DPCC,"Punjabi Bagh, Delhi ",June,6,2011,28.66197529999999,77.1241557
DL015,Delhi,Delhi,DPCC,"Anand Vihar, Delhi ",August,8,2012,28.6530481,77.30824249999999
DL016,Delhi,Delhi,IMD,"IGI Airport (T3), Delhi ",December,12,2013,28.5550838,77.0844015
DL017,Delhi,Delhi,IMD,"Lodhi Road, Delhi ",January,1,2014,28.591085,77.2279773
DL018,Delhi,Delhi,CPCB,"East Arjun Nagar, Delhi ",November,11,2017,28.65617319999999,77.29474669999999
DL019,Delhi,Delhi,DPCC,"Okhla Phase 2, Delhi ",February,2,2018,28.5357628,77.2764329
DL020,Delhi,Delhi,DPCC,"Wazirpur, Delhi ",February,2,2018,28.69832259999999,77.16958149999999
DL021,Delhi,Delhi,DPCC,"Najafgarh, Delhi ",February,2,2018,28.6090126,76.9854526
DL022,Delhi,Delhi,DPCC,"Narela, Delhi ",February,2,2018,28.8548818,77.08921509999999
DL023,Delhi,Delhi,DPCC,"Sonia Vihar, Delhi ",February,2,2018,28.7332472,77.2495891
DL024,Delhi,Delhi,DPCC,"Rohini, Delhi ",February,2,2018,28.7162092,77.1170743
DL025,Delhi,Delhi,DPCC,"Nehru Nagar, Delhi ",February,2,2018,28.5706035,77.2505733
DL026,Delhi,Delhi,DPCC,"Vivek Vihar, Delhi ",February,2,2018,28.6712458,77.3176541
DL027,Delhi,Delhi,DPCC,"Patparganj, Delhi ",February,2,2018,28.6348021,77.3046485
DL028,Delhi,Delhi,DPCC,"Dr. Karni Singh Shooting Range, Delhi ",March,3,2018,28.4997268,77.2670954
DL029,Delhi,Delhi,DPCC,"Major Dhyan Chand National Stadium, Delhi ",March,3,2018,28.612569,77.2367984
DL030,Delhi,Delhi,DPCC,"Dwarka Sector 8, Delhi ",March,3,2018,28.5720379,77.070837
DL031,Delhi,Delhi,DPCC,"Ashok Vihar, Delhi ",March,3,2018,28.6909791,77.17652389999999
DL032,Delhi,Delhi,DPCC,"Jawaharlal Nehru Stadium, Delhi ",March,3,2018,28.5829248,77.2343521
DL033,Delhi,Delhi,DPCC,"Jahangirpuri, Delhi ",March,3,2018,28.7296171,77.16663129999999
DL034,Delhi,Delhi,DPCC,"Sri Aurobindo Marg, Delhi ",July,7,2018,28.5563118,77.2063312
DL035,Delhi,Delhi,DPCC,"Bawana, Delhi ",July,7,2018,28.793229,77.0483355
DL036,Delhi,Delhi,DPCC,"Mundka, Delhi ",July,7,2018,28.6819261,77.0308105
DL037,Delhi,Delhi,DPCC,"Pusa, Delhi ",July,7,2018,28.6376724,77.1571443
DL038,Delhi,Delhi,DPCC,"Alipur, Delhi ",November,11,2018,28.7972263,77.13313629999999
DL039,Delhi,Delhi,IITM,"Lodhi Road, Delhi ",November,11,2020,28.591085,77.2279773
DL040,Delhi,Delhi,IITM,"Chandni Chowk, Delhi ",November,11,2020,28.6403888,77.20878479999999
GJ001,Gujarat,Ahmedabad,GPCB,"Maninagar, Ahmedabad ",November,11,2010,22.995165,72.604097
GJ002,Gujarat,Ankleshwar,GPCB,"GIDC, Ankleshwar ",February,2,2019,21.6180391,73.0228173
GJ003,Gujarat,Vapi,GPCB,"Phase 1 GIDC, Vapi ",February,2,2019,20.3735482,72.9084376
GJ004,Gujarat,Vatva,GPCB,"Phase 4 GIDC, Vatva ",February,2,2019,22.967121,72.64695429999999
GJ005,Gujarat,Gandhinagar,GPCB,"Sector 10, Gandhinagar ",February,2,2019,23.2150981,72.65427319999999
GJ006,Gujarat,Nandesari,Nandesari Ind. Association,"GIDC, Nandesari ",January,1,2020,22.4066333,73.0920808
GJ007,Gujarat,Gandhinagar,IITM,"IIPHG Lekawada, Gandhinagar ",June,6,2021,23.2446554,72.6875283
GJ008,Gujarat,Gandhinagar,IITM,"GIFT City, Gandhinagar ",June,6,2021,23.1629053,72.688695
GJ009,Gujarat,Ahmedabad,IITM,"SVPI Airport Hansol, Ahmedabad ",June,6,2021,23.0763962,72.63099969999999
GJ010,Gujarat,Ahmedabad,IITM,"Chandkheda, Ahmedabad ",June,6,2021,23.109098,72.5849179
GJ011,Gujarat,Ahmedabad,IITM,"Rakhial, Ahmedabad ",June,6,2021,23.0213204,72.62392419999999
GJ012,Gujarat,Ahmedabad,IITM,"SAC ISRO Bopal, Ahmedabad ",June,6,2021,23.0407417,72.45642219999999
GJ013,Gujarat,Ahmedabad,IITM,"Gyaspur, Ahmedabad ",June,6,2021,22.9691813,72.53820689999999
GJ014,Gujarat,Ahmedabad,IITM,"Raikhad, Ahmedabad ",June,6,2021,23.0189588,72.5811117
GJ015,Gujarat,Ahmedabad,IITM,"SAC ISRO Satellite, Ahmedabad ",June,6,2021,23.023229,72.51512029999999
GJ016,Gujarat,Ahmedabad,IITM,"Sardar Vallabhbhai Patel Stadium, Ahmedabad ",June,6,2021,23.0409251,72.56474399999999
GJ017,Gujarat,Surat,SMC,"Science Center, Surat ",November,11,2022,21.1702316,72.7955882
HP001,Himachal Pradesh,Baddi,HPPCB,"HIMUDA Complex Phase 1, Baddi ",March,3,2022,30.943874,76.80158639999999
HR001,Haryana,Faridabad,HSPCB,"Sector  16A, Faridabad ",September,9,2010,28.4060902,77.3184825
HR002,Haryana,Gurugram,HSPCB,"Vikas Sadan, Gurugram ",December,12,2015,28.4501238,77.02849379999999
HR003,Haryana,Panchkula,HSPCB,"Sector 6, Panchkula ",December,12,2015,30.706579,76.8545201
HR004,Haryana,Rohtak,HSPCB,"MD University, Rohtak ",January,1,2016,28.9010899,76.5801935
HR005,Haryana,Gurugram,IMD,"NISE Gwal Pahari, Gurugram ",October,10,2016,28.4250849,77.15087179999999
HR006,Haryana,Manesar,HSPCB,"Sector 2 IMT, Manesar ",May,5,2018,28.3654839,76.9369384
HR007,Haryana,Sonipat,HSPCB,"Murthal, Sonipat ",December,12,2018,29.0315896,77.0723807
HR008,Haryana,Bhiwani,HSPCB,"H.B. Colony, Bhiwani ",January,1,2019,28.8082043,76.1361016
HR009,Haryana,Jind,HSPCB,"Police Lines, Jind ",January,1,2019,29.3121254,76.3452001
HR010,Haryana,Dharuhera,HSPCB,"Municipal Corporation Office, Dharuhera ",January,1,2019,28.2056606,76.7914639
HR011,Haryana,Bahadurgarh,HSPCB,"Arya Nagar, Bahadurgarh ",January,1,2019,28.6771177,76.9282948
HR012,Haryana,Yamuna Nagar,HSPCB,"Gobind Pura, Yamuna Nagar ",January,1,2019,30.1501492,77.2850239
HR013,Haryana,Ballabgarh,HSPCB,"Nathu Colony, Ballabgarh ",January,1,2019,28.3426369,77.31772459999999
HR014,Haryana,Ambala,HSPCB,"Patti Mehar, Ambala ",January,1,2019,30.3778718,76.7733263
HR015,Haryana,Kurukshetra,HSPCB,"Sector 7, Kurukshetra ",January,1,2019,29.9698482,76.8733321
HR016,Haryana,Panipat,HSPCB,"Sector 18, Panipat ",January,1,2019,29.4362833,76.9772675
HR017,Haryana,Fatehabad,HSPCB,"Huda Sector, Fatehabad ",January,1,2019,29.5030525,75.4737974
HR018,Haryana,Mandikhera,HSPCB,"General Hospital, Mandikhera ",January,1,2019,27.8966318,76.99166749999999
HR019,Haryana,Karnal,HSPCB,"Sector 12, Karnal ",January,1,2019,29.6955341,76.9995868
HR020,Haryana,Sirsa,HSPCB,"F Block, Sirsa ",January,1,2019,29.5363692,75.01584299999999
HR021,Haryana,Hisar,HSPCB,"Urban Estate II, Hisar ",January,1,2019,29.1405535,75.7396802
HR022,Haryana,Narnaul,HSPCB,"Shastri Nagar, Narnaul ",January,1,2019,28.0636597,76.1116997
HR023,Haryana,Kaithal,HSPCB,"Rishi Nagar, Kaithal ",February,2,2019,29.8029465,76.41436639999999
HR024,Haryana,Palwal,HSPCB,"Shyam Nagar, Palwal ",February,2,2019,28.1482612,77.33316040000001
HR025,Haryana,Faridabad,HSPCB,"Sector 11, Faridabad ",March,3,2020,28.3704165,77.3220128
HR026,Haryana,Faridabad,HSPCB,"New Industrial Town, Faridabad ",March,3,2020,28.3922002,77.301675
HR027,Haryana,Gurugram,HSPCB,"Teri Gram, Gurugram ",March,3,2020,28.4267856,77.14512789999999
HR028,Haryana,Gurugram,HSPCB,"Sector 51, Gurugram ",March,3,2020,28.4320397,77.0686159
HR029,Haryana,Charkhi Dadri,HSPCB,"Mini Secretariat, Charkhi Dadri ",March,3,2020,28.5946828,76.2755277
HR030,Haryana,Faridabad,HSPCB,"Sector 30, Faridabad ",March,3,2020,28.4427368,77.3204489
JH001,Jharkhand,Jorapokhar,JSPCB,"Tata Stadium, Jorapokhar ",May,5,2017,23.708198,86.4139841
JH002,Jharkhand,Dhanbad,JSPCB,"Sardar Patel Nagar, Dhanbad ",February,2,2023,23.8059507,86.4366107
JK001,Jammu and Kashmir,Srinagar,JKSPCB,"Rajbagh, Srinagar ",February,2,2021,34.0661987,74.8287807
KA001,Karnataka,Bengaluru,CPCB,"BTM Layout, Bengaluru ",January,1,2010,12.9165757,77.6101163
KA002,Karnataka,Bengaluru,CPCB,"BWSSB Kadabesanahalli, Bengaluru ",January,1,2010,12.9394137,77.6952031
KA003,Karnataka,Bengaluru,CPCB,"Peenya, Bengaluru ",January,1,2010,13.0285133,77.5196763
KA004,Karnataka,Hubballi,KSPCB,"Deshpande Nagar, Hubballi ",January,1,2015,15.3547598,75.1384848
KA005,Karnataka,Bengaluru,KSPCB,"City Railway Station, Bengaluru ",December,12,2015,12.977188,77.565386
KA006,Karnataka,Bengaluru,KSPCB,"Sanegurava Halli, Bengaluru ",December,12,2015,13.1023635,77.4926263
KA007,Karnataka,Bengaluru,KSPCB,"Silk Board, Bengaluru ",June,6,2018,12.9177099,77.62378629999999
KA008,Karnataka,Bengaluru,KSPCB,"Hebbal, Bengaluru ",June,6,2018,13.0353557,77.59878739999999
KA009,Karnataka,Kolar,KSPCB,"Tamaka Ind. Area, Kolar ",June,6,2018,13.1332532,78.1721958
KA010,Karnataka,Bengaluru,KSPCB,"Bapuji Nagar, Bengaluru ",June,6,2018,12.95678,77.53972929999999
KA011,Karnataka,Chikkaballapur,KSPCB,"Chikkaballapur Rural, Chikkaballapur ",June,6,2018,13.4290654,77.73304739999999
KA012,Karnataka,Bengaluru,KSPCB,"Jayanagar 5th Block, Bengaluru ",June,6,2018,12.9196037,77.583381
KA013,Karnataka,Kalaburagi,KSPCB,"Lal Bahadur Shastri Nagar, Kalaburagi ",July,7,2018,17.3203897,76.8194767
KA014,Karnataka,Bengaluru,KSPCB,"Hombegowda Nagar, Bengaluru ",July,7,2018,12.9375448,77.5948946
KA015,Karnataka,Mysuru,KSPCB,"Hebbal 1st Stage, Mysuru ",July,7,2019,12.3500813,76.6209903
KA016,Karnataka,Chamarajanagar,KSPCB,"Urban, Chamarajanagar ",July,7,2019,11.9271328,76.9326167
KA017,Karnataka,Ramanagara,KSPCB,"Vijay Nagar, Ramanagara ",September,9,2019,13.0428573,77.581869
KA018,Karnataka,Yadgir,KSPCB,"Collector Office, Yadgir ",September,9,2019,16.5744123,76.9254434
KA019,Karnataka,Chikkamagaluru,KSPCB,"Kalyana Nagara, Chikkamagaluru ",January,1,2020,13.33168,75.79608
KA020,Karnataka,Shivamogga,KSPCB,"Vinoba Nagara, Shivamogga ",January,1,2020,13.945395,75.5538712
KA021,Karnataka,Vijayapura,KSPCB,"Ibrahimpur, Vijayapura ",January,1,2020,16.8034264,75.7199513
KA022,Karnataka,Bagalkot,KSPCB,"Vidayagiri, Bagalkot ",January,1,2020,16.1756049,75.6586295
KA023,Karnataka,Madikeri,KSPCB,"Stuart Hill, Madikeri ",October,10,2020,12.4152774,75.74587079999999
KA024,Karnataka,Koppal,KSPCB,"Diwator Nagar, Koppal ",December,12,2020,15.3500492,76.1646475
KA025,Karnataka,Raichur,KSPCB,"Haji Colony, Raichur ",December,12,2020,16.2108191,77.34823519999999
KA026,Karnataka,Mangalore,KSPCB,"Kadri, Mangalore ",January,1,2021,12.8804608,74.85915779999999
KA027,Karnataka,Bidar,KSPCB,"Naubad, Bidar ",January,1,2021,17.93357,77.4788014
KA028,Karnataka,Gadag,KSPCB,"Panchal Nagar, Gadag ",January,1,2021,15.4195912,75.6397204
KA029,Karnataka,Davanagere,KSPCB,"Devaraj Urs Badavane, Davanagere ",January,1,2021,14.4758107,75.90712719999999
KA030,Karnataka,Udupi,KSPCB,"Brahmagiri, Udupi ",February,2,2021,13.3368614,74.7395159
KA031,Karnataka,Hassan,KSPCB,"B.Katihalli, Hassan ",March,3,2021,13.0126343,76.139243
KA032,Karnataka,Haveri,KSPCB,"Ashwini Nagar, Haveri ",April,4,2022,14.7933682,75.3922237
KA033,Karnataka,Belgaum,KSPCB,"Ramteerth Nagar, Belgaum ",August,8,2022,15.8907358,74.54339879999999
KA034,Karnataka,Dharwad,KSPCB,"Kalabhavan, Dharwad ",August,8,2022,15.4600114,75.0076378
KA035,Karnataka,Tumakuru,KSPCB,"Thimmalapura, Tumakuru ",December,12,2022,13.4000544,77.0160379
KA036,Karnataka,Bengaluru,KSPCB,"RVCE Mailasandra, Bengaluru ",December,12,2022,12.9238466,77.49850339999999
KA037,Karnataka,Kalaburagi,KSPCB,"Mahatma Basaveswar Colony, Kalaburgi ",December,12,2022,17.3368891,76.8497536
KA038,Karnataka,Hubballi,KSPCB,"Lingaraj Nagar, Hubballi ",December,12,2022,15.3708506,75.11294230000001
KA039,Karnataka,Bengaluru,KSPCB,"Shivapura_Peenya, Bengaluru ",February,2,2023,13.0264861,77.5060438
KL001,Kerala,Thiruvananthapuram,Kerala PCB,"Plammoodu, Thiruvananthapuram ",June,6,2017,8.5140567,76.9477422
KL002,Kerala,Eloor,Kerala PCB,"Udyogamandal, Eloor ",May,5,2019,10.0737878,76.3014896
KL003,Kerala,Kochi,Kerala PCB,"Vyttila, Kochi ",January,1,2020,9.9651009,76.3187314
KL004,Kerala,Kozhikode,Kerala PCB,"Palayam, Kozhikode ",January,1,2020,11.2490384,75.7856156
KL005,Kerala,Ernakulam,Kerala PCB,"Kacheripady, Ernakulam ",January,1,2020,9.9882801,76.28121949999999
KL006,Kerala,Thiruvananthapuram,Kerala PCB,"Kariavattom, Thiruvananthapuram ",February,2,2020,8.5678435,76.8908318
KL007,Kerala,Kollam,Kerala PCB,"Polayathode, Kollam ",February,2,2020,8.878704899999999,76.6073332
KL008,Kerala,Kannur,Kerala PCB,"Thavakkara, Kannur ",February,2,2020,11.8701516,75.36905949999999
KL009,Kerala,Thrissur,Kerala PCB,"Corporation Ground, Thrissur ",October,10,2020,10.5219736,76.24121319999999
MH001,Maharashtra,Pune,MPCB,"Karve Road, Pune ",January,1,2010,18.5032136,73.8197545
MH002,Maharashtra,Mumbai,MPCB,"Bandra, Mumbai ",January,1,2010,19.0595596,72.8295287
MH003,Maharashtra,Navi Mumbai,MPCB,"Airoli, Navi Mumbai ",January,1,2010,19.159014,72.9985686
MH004,Maharashtra,Chandrapur,MPCB,"Chauhan Colony, Chandrapur ",July,7,2015,19.9631974,79.3028933
MH005,Maharashtra,Solapur,MPCB,"Solapur, Solapur ",December,12,2015,17.6699734,75.9008118
MH006,Maharashtra,Nagpur,MPCB,"Opp GPO Civil Lines, Nagpur ",April,4,2016,21.15344,79.06989899999999
MH007,Maharashtra,Chandrapur,MPCB,"MIDC Khutala, Chandrapur ",August,8,2016,19.978518,79.2312297
MH008,Maharashtra,Nashik,MPCB,"Gangapur Road, Nashik ",September,9,2016,20.0136811,73.7409985
MH009,Maharashtra,Thane,MPCB,"Pimpleshwar Mandir, Thane ",September,9,2016,19.043812,73.019103
MH010,Maharashtra,Aurangabad,MPCB,"More Chowk Waluj, Aurangabad ",September,9,2017,19.8406027,75.2466299
MH011,Maharashtra,Navi Mumbai,MPCB,"Nerul, Navi Mumbai ",March,3,2019,19.0338457,73.0195871
MH012,Maharashtra,Kalyan,MPCB,"Khadakpada, Kalyan ",June,6,2019,19.2592249,73.12792689999999
MH013,Maharashtra,Mumbai,MPCB,"Colaba, Mumbai ",June,6,2019,18.9067031,72.8147123
MH014,Maharashtra,Mumbai,MPCB,"Worli, Mumbai ",June,6,2019,19.0085959,72.8192943
MH015,Maharashtra,Mumbai,MPCB,"Sion, Mumbai ",June,6,2019,19.0390214,72.86189519999999
MH016,Maharashtra,Mumbai,MPCB,"Vile Parle West, Mumbai ",June,6,2019,19.1071283,72.8367535
MH017,Maharashtra,Mumbai,MPCB,"Borivali East, Mumbai ",June,6,2019,19.2297814,72.86085589999999
MH018,Maharashtra,Mumbai,MPCB,"Chhatrapati Shivaji Intl. Airport (T2), Mumbai ",June,6,2019,19.101522,72.87232399999999
MH019,Maharashtra,Mumbai,MPCB,"Kurla, Mumbai ",June,6,2019,19.0726295,72.8844721
MH020,Maharashtra,Mumbai,MPCB,"Vasai West, Mumbai ",June,6,2019,19.3664631,72.8155136
MH021,Maharashtra,Mumbai,MPCB,"Powai, Mumbai ",June,6,2019,19.1175993,72.9059747
MH022,Maharashtra,Mumbai,IITM,"Navy Nagar Colaba, Mumbai ",November,11,2020,18.8979567,72.81314320000001
MH023,Maharashtra,Mumbai,IITM,"Malad West, Mumbai ",November,11,2020,19.1889541,72.835543
MH024,Maharashtra,Pune,IITM,"Revenue Colony Shivajinagar, Pune ",November,11,2020,18.530263,73.84985879999999
MH025,Maharashtra,Mumbai,IITM,"Chakala Andheri East, Mumbai ",November,11,2020,19.1097712,72.8582672
MH026,Maharashtra,Mumbai,IITM,"Bandra Kurla Complex, Mumbai ",November,11,2020,19.0687893,72.87026469999999
MH027,Maharashtra,Pune,IITM,"Mhada Colony, Pune ",November,11,2020,18.5734634,73.9109977
MH028,Maharashtra,Pune,IITM,"Transport Nagar Nigdi, Pune ",November,11,2020,18.6642824,73.7639658
MH029,Maharashtra,Mumbai,IITM,"Mazgaon, Mumbai ",November,11,2020,18.9697337,72.8406201
MH030,Maharashtra,Pune,IITM,"Bhosari, Pune ",November,11,2020,18.6320627,73.84679779999999
MH031,Maharashtra,Pune,IITM,"Alandi, Pune ",November,11,2020,18.6782865,73.89503359999999
MH032,Maharashtra,Navi Mumbai,IITM,"Sector 19A Nerul, Navi Mumbai ",November,11,2020,19.0280168,73.0265071
MH033,Maharashtra,Mumbai,IITM,"Deonar, Mumbai ",November,11,2020,19.0447048,72.9102511
MH034,Maharashtra,Mumbai,IITM,"Borivali East, Mumbai ",November,11,2020,19.2297814,72.86085589999999
MH035,Maharashtra,Mumbai,IITM,"Khindipada Bhandup West, Mumbai ",December,12,2020,19.1599078,72.9239095
MH036,Maharashtra,Mumbai,MPCB,"Kandivali East, Mumbai ",December,12,2020,19.2051958,72.8626165
MH037,Maharashtra,Mumbai,MPCB,"Mulund West, Mumbai ",December,12,2020,19.1758825,72.95211929999999
MH038,Maharashtra,Pune,IITM,"MIT Kothrud, Pune ",January,1,2021,18.5076778,73.8203238
MH039,Maharashtra,Mumbai,IITM,"Siddharth Nagar Worli, Mumbai ",January,1,2021,18.9978358,72.81388179999999
MH040,Maharashtra,Pune,IITM,"Hadapsar, Pune ",January,1,2021,18.508934,73.92591019999999
MH041,Maharashtra,Navi Mumbai,MPCB,"Mahape, Navi Mumbai ",March,3,2021,19.1083975,73.02031869999999
ML001,Meghalaya,Shillong,Meghalaya PCB,"Lumpyngngad, Shillong ",August,8,2019,25.5585941,91.8984865
ML002,Meghalaya,Shillong,Meghalaya PCB,"JN Stadium, Shillong ",April,4,2022,25.5801,91.8940855
MN001,Manipur,Imphal,Manipur PCB,"Manipur University, Imphal ",April,4,2022,24.8314984,93.9125767
MN002,Manipur,Imphal,Manipur PCB,"DM College of Science, Imphal ",April,4,2022,24.8216168,93.9429582
MP001,Madhya Pradesh,Ujjain,MPPCB,"Mahakaleshwar Temple, Ujjain ",February,2,2017,23.1829374,75.76824719999999
MP002,Madhya Pradesh,Dewas,MPPCB,"Bhopal Chauraha, Dewas ",November,11,2017,22.9687824,76.0635763
MP003,Madhya Pradesh,Pithampur,MPPCB,"Sector 2 Industrial Area, Pithampur ",November,11,2017,22.6236522,75.6557206
MP004,Madhya Pradesh,Singrauli,MPPCB,"Suryakiran Bhawan NCL, Singrauli ",December,12,2017,24.1992146,82.6641734
MP005,Madhya Pradesh,Mandideep,MPPCB,"Sector D Industrial Area, Mandideep ",January,1,2018,23.0992796,77.5114731
MP006,Madhya Pradesh,Satna,Birla Cement,"Bandhavgar Colony, Satna ",February,2,2018,24.5798734,80.8557684
MP007,Madhya Pradesh,Ratlam,IPCA Lab,"Shasthri Nagar, Ratlam ",December,12,2018,23.3320547,75.04594780000001
MP008,Madhya Pradesh,Damoh,MPPCB,"Shrivastav Colony, Damoh ",December,12,2018,23.8184923,79.4338188
MP009,Madhya Pradesh,Maihar,KJS Cements,"Sahilara, Maihar ",February,2,2019,24.2609738,80.71866969999999
MP010,Madhya Pradesh,Katni,MPPCB,"Gole Bazar, Katni ",September,9,2019,23.8327424,80.3978186
MP011,Madhya Pradesh,Indore,MPPCB,"Chhoti Gwaltoli, Indore ",September,9,2019,22.7152096,75.8700466
MP012,Madhya Pradesh,Bhopal,MPPCB,"T T Nagar, Bhopal ",September,9,2019,23.2357524,77.39864709999999
MP013,Madhya Pradesh,Jabalpur,MPPCB,"Marhatal, Jabalpur ",September,9,2019,23.1670639,79.9339608
MP014,Madhya Pradesh,Sagar,MPPCB,"Deen Dayal Nagar, Sagar ",January,1,2020,23.8641966,78.806407
MP015,Madhya Pradesh,Gwalior,MPPCB,"City Center, Gwalior ",January,1,2020,26.2035227,78.1920664
MP016,Madhya Pradesh,Gwalior,Mondelez Ind. Food,"Phool Bagh, Gwalior ",January,1,2020,26.2103607,78.16926889999999
MP017,Madhya Pradesh,Bhopal,MPPCB,"Paryavaran Parisar, Bhopal ",September,9,2022,23.2131634,77.4237816
MP018,Madhya Pradesh,Gwalior,MPPCB,"Maharaj Bada, Gwalior ",October,10,2022,26.1994671,78.1489933
MP019,Madhya Pradesh,Sagar,MPPCB,"Civil Lines, Sagar ",October,10,2022,23.8395502,78.7603726
MP020,Madhya Pradesh,Gwalior,MPPCB,"Deen Dayal Nagar, Gwalior ",December,12,2022,26.2673692,78.20773679999999
MP021,Madhya Pradesh,Bhopal,MPPCB,"Idgah Hills, Bhopal ",February,2,2023,23.2656639,77.385696
MP022,Madhya Pradesh,Indore,Glenmark,"Vijay Nagar Scheme 78, Indore ",March,3,2023,22.7659696,75.89316509999999
MZ001,Mizoram,Aizawl,Mizoram PCB,"Sikulpuikawn, Aizawl ",March,3,2020,23.7173952,92.7181174
NL001,Nagaland,Kohima,NPCB,"PWD Juction, Kohima ",September,9,2020,25.6614282,94.1022119
OR001,Odisha,Brajrajnagar,OSPCB,"GM Office, Brajrajnagar ",April,4,2017,21.8546923,83.92479949999999
OR002,Odisha,Talcher,OSPCB,"Talcher Coalfields,Talcher ",December,12,2017,20.9510738,85.1759703
OR003,Odisha,Suakati,OSPCB,"OMC Colony, Suakati ",November,11,2022,21.6043925,85.5161612
OR004,Odisha,Nayagarh,OSPCB,"Dabuna, Nayagarh ",November,11,2022,21.8424227,85.4104706
OR005,Odisha,Baripada,OSPCB,"Meher Colony, Baripada ",November,11,2022,21.9421833,86.72780589999999
OR006,Odisha,Bileipada,OSPCB,"Tata Township, Bileipada ",November,11,2022,21.8635241,84.9850045
OR007,Odisha,Tensa,OSPCB,"Barsua Iron Ore Mines, Tensa ",November,11,2022,21.8706675,85.14988880000001
OR008,Odisha,Rairangpur,OSPCB,"Divisional Forest Office, Rairangpur ",November,11,2022,22.2656923,86.1747384
OR009,Odisha,Keonjhar,OSPCB,"Jagamohanpur, Keonjhar ",November,11,2022,21.4438457,85.3630451
OR010,Odisha,Rourkela,OSPCB,"Sector 2, Rourkela ",January,1,2023,22.2500845,84.8853956
OR011,Odisha,Rourkela,OSPCB,"Fertilizer Township, Rourkela ",January,1,2023,22.1938715,84.8642924
OR012,Odisha,Rourkela,OSPCB,"Raghunathpali, Rourkela ",February,2,2023,22.2244658,84.81852579999999
PB001,Punjab,Amritsar,PPCB,"Golden Temple, Amritsar ",March,3,2017,31.61998029999999,74.8764849
PB002,Punjab,Mandi Gobindgarh,PPCB,"RIMT University, Mandi Gobindgarh ",April,4,2017,30.6510104,76.32925200000001
PB003,Punjab,Ludhiana,PPCB,"Punjab Agricultural University, Ludhiana ",May,5,2017,30.9020153,75.8082773
PB004,Punjab,Jalandhar,PPCB,"Civil Line, Jalandhar ",February,2,2018,31.2922312,75.5678878
PB005,Punjab,Patiala,PPCB,"Model Town, Patiala ",February,2,2018,30.3448377,76.3708347
PB006,Punjab,Khanna,PPCB,"Kalal Majra, Khanna ",April,4,2018,30.7409308,76.2049712
PB007,Punjab,Rupnagar,Ambuja Cements,"Ratanpura, Rupnagar ",April,4,2018,31.0293638,76.5733862
PB008,Punjab,Bathinda,PPCB,"Hardev Nagar, Bathinda ",June,6,2018,30.2420588,74.9175889
PY001,Puducherry,Puducherry,PPCC,"Jawahar Nagar, Puducherry ",January,1,2021,11.9312834,79.8025673
RJ001,Rajasthan,Jodhpur,RSPCB,"Collectorate, Jodhpur ",December,12,2015,26.2918067,73.0366998
RJ002,Rajasthan,Jaipur,RSPCB,"Adarsh Nagar, Jaipur ",February,2,2017,26.9018769,75.8271749
RJ003,Rajasthan,Jaipur,RSPCB,"Police Commissionerate, Jaipur ",July,7,2017,26.9161068,75.8008639
RJ004,Rajasthan,Bhiwadi,RSPCB,"RIICO Ind. Area III, Bhiwadi ",October,10,2017,28.2039413,76.837441
RJ005,Rajasthan,Pali,RSPCB,"Indira Colony Vistar, Pali ",October,10,2017,25.7731026,73.3502377
RJ006,Rajasthan,Alwar,RSPCB,"Moti Doongri, Alwar ",October,10,2017,27.5515817,76.6080554
RJ007,Rajasthan,Ajmer,RSPCB,"Civil Lines,  Ajmer ",October,10,2017,26.4726871,74.6415071
RJ008,Rajasthan,Kota,RSPCB,"Shrinath Puram, Kota ",October,10,2017,25.136387,75.8246657
RJ009,Rajasthan,Jaipur,RSPCB,"Shastri Nagar, Jaipur ",October,10,2017,26.9503102,75.8009833
RJ010,Rajasthan,Udaipur,RSPCB,"Ashok Nagar, Udaipur ",October,10,2017,24.5886328,73.70218009999999
RJ011,Rajasthan,Jaisalmer,RSPCB,"Sadar Bazar, Jaisalmer ",January,1,2023,26.9150059,70.91083909999999
RJ012,Rajasthan,Dausa,RSPCB,"Khatikan Mohalla, Dausa ",February,2,2023,26.8962354,76.3373167
RJ013,Rajasthan,Banswara,RSPCB,"Rati Talai, Banswara ",February,2,2023,23.5538324,74.4393729
RJ014,Rajasthan,Jodhpur,RSPCB,"Samrat Ashok Udhyan, Jodhpur ",February,2,2023,26.250297,72.9774487
RJ015,Rajasthan,Hanumangarh,RSPCB,"Housing Board, Hanumangarh ",February,2,2023,29.61061,74.27808550000002
RJ016,Rajasthan,Sirohi,RSPCB,"Vedhaynath Colony, Sirohi ",February,2,2023,24.8892908,72.8559788
RJ017,Rajasthan,Kota,RSPCB,"Dhanmandi, Kota ",February,2,2023,25.1640233,75.8584046
RJ018,Rajasthan,Bikaner,RSPCB,"MM Ground, Bikaner ",February,2,2023,28.0193706,73.2914042
RJ019,Rajasthan,Kota,RSPCB,"Nayapura, Kota ",February,2,2023,25.2012074,75.8566038
RJ020,Rajasthan,Barmer,RSPCB,"Railway Colony, Barmer ",February,2,2023,25.7494126,71.39505489999999
RJ021,Rajasthan,Bharatpur,RSPCB,"Krishna Nagar, Bharatpur ",February,2,2023,27.2163947,77.5125491
RJ022,Rajasthan,Churu,RSPCB,"Subash Chowk, Churu ",February,2,2023,28.301872,74.96033129999999
RJ023,Rajasthan,Dholpur,RSPCB,"Raja Ganj, Dholpur ",February,2,2023,26.7010642,77.896749
RJ024,Rajasthan,Sawai Madhopur,RSPCB,"Sahu Nagar, Sawai Madhopur ",February,2,2023,26.0346787,76.3651756
RJ025,Rajasthan,Chittorgarh,RSPCB,"Shastri Nagar, Chittorgarh ",February,2,2023,24.8919586,74.6202795
RJ026,Rajasthan,Jhunjhunu,RSPCB,"Indra Nagar, Jhunjhunu ",March,3,2023,28.1203033,75.38639529999999
RJ027,Rajasthan,Jaipur,RSPCB,"Sector 2 Murlipura, Jaipur ",March,3,2023,26.9598788,75.7749395
RJ028,Rajasthan,Jodhpur,RSPCB,"Jhalamand, Jodhpur ",March,3,2023,26.2284455,73.0449551
RJ029,Rajasthan,Pratapgarh,RSPCB,"Pragati Nagar, Pratapgarh ",March,3,2023,24.0232221,74.6250275
RJ030,Rajasthan,Jaipur,RSPCB,"Mansarovar Sector 12, Jaipur ",March,3,2023,26.8423762,75.7702291
RJ031,Rajasthan,Jhalawar,RSPCB,"Rajlaxmi Nagar, Jhalawar ",March,3,2023,24.5899754,76.1754757
RJ032,Rajasthan,Karauli,RSPCB,"Satyawati Vihar, Karauli ",March,3,2023,26.505782,77.02197269999999
RJ033,Rajasthan,Sri Ganganagar,RSPCB,"Old City, Sri Ganganagar ",March,3,2023,29.9265911,73.8566087
RJ034,Rajasthan,Sikar,RSPCB,"Radhakishan Pura, Sikar ",March,3,2023,27.6136274,75.1632937
RJ035,Rajasthan,Rajsamand,RSPCB,"Dhoinda, Rajsamand ",March,3,2023,25.0394489,73.8801301
SK001,Sikkim,Gangtok,SSPCB,"Zero Point GICI, Gangtok ",April,4,2022,27.337136,88.609658
TG001,Telangana,Hyderabad,TSPCB,"Sanathnagar, Hyderabad ",December,12,2010,17.4562544,78.4439295
TG002,Telangana,Hyderabad,TSPCB,"Zoo Park, Hyderabad ",October,10,2015,17.3507037,78.451787
TG003,Telangana,Hyderabad,TSPCB,"IDA Pashamylaram, Hyderabad ",September,9,2016,17.5324702,78.1849427
TG004,Telangana,Hyderabad,TSPCB,"Bollaram Industrial Area, Hyderabad ",March,3,2017,17.5432727,78.3514088
TG005,Telangana,Hyderabad,TSPCB,"ICRISAT Patancheru, Hyderabad ",March,3,2017,17.360589,78.4740613
TG006,Telangana,Hyderabad,TSPCB,"Central University, Hyderabad ",July,7,2017,17.456737,78.32638759999999
TG007,Telangana,Hyderabad,TSPCB,"ECIL Kapra, Hyderabad ",May,5,2022,17.4862159,78.5664126
TG008,Telangana,Hyderabad,TSPCB,"Nacharam_TSIIC IALA, Hyderabad ",May,5,2022,17.4381075,78.4567613
TG009,Telangana,Hyderabad,TSPCB,"Kompally Municipal Office, Hyderabad ",May,5,2022,17.5445442,78.4888327
TG010,Telangana,Hyderabad,TSPCB,"IITH Kandi, Hyderabad ",May,5,2022,17.5947027,78.1230401
TG011,Telangana,Hyderabad,TSPCB,"New Malakpet, Hyderabad ",May,5,2022,17.367174,78.5135902
TG012,Telangana,Hyderabad,TSPCB,"Somajiguda, Hyderabad ",May,5,2022,17.4237128,78.4584013
TG013,Telangana,Hyderabad,TSPCB,"Kokapet, Hyderabad ",June,6,2022,17.3967663,78.33477239999999
TG014,Telangana,Hyderabad,TSPCB,"Ramachandrapuram, Hyderabad ",June,6,2022,17.5127438,78.2878659
TN001,Tamil Nadu,Chennai,CPCB,"Alandur Bus Depot, Chennai ",January,1,2010,12.9967021,80.1913321
TN002,Tamil Nadu,Chennai,CPCB,"Manali, Chennai ",January,1,2010,13.1779289,80.2700737
TN003,Tamil Nadu,Chennai,CPCB,"Velachery Res. Area, Chennai ",January,1,2010,13.0090634,80.15695509999999
TN004,Tamil Nadu,Chennai,TNPCB,"Manali Village, Chennai ",March,3,2019,13.1779289,80.2700737
TN005,Tamil Nadu,Coimbatore,TNPCB,"SIDCO Kurichi, Coimbatore ",June,6,2019,10.9438095,76.9772675
TN006,Tamil Nadu,Chennai,TNPCB,"Arumbakkam, Chennai ",November,11,2020,13.0705629,80.21527449999999
TN007,Tamil Nadu,Thoothukudi,TNPCB,"Meelavittan, Thoothukudi ",November,11,2020,8.8192782,78.0908651
TN008,Tamil Nadu,Chennai,TNPCB,"Royapuram, Chennai ",November,11,2020,13.1103263,80.2838556
TN009,Tamil Nadu,Chennai,TNPCB,"Kodungaiyur, Chennai ",November,11,2020,13.1327533,80.2444773
TN010,Tamil Nadu,Chennai,TNPCB,"Perungudi, Chennai ",December,12,2020,12.9653652,80.2461057
TN011,Tamil Nadu,Gummidipoondi,TNPCB,"Anthoni Pillai Nagar, Gummidipoondi ",January,1,2021,13.4092677,80.1009796
TN012,Tamil Nadu,Hosur,TNPCB,"SIPCOT Phase 1, Hosur ",August,8,2022,12.7625268,77.7947236
TN013,Tamil Nadu,Tirupur,TNPCB,"Kumaran College, Tirupur ",August,8,2022,11.0977937,77.3222146
TN014,Tamil Nadu,Chengalpattu,TNPCB,"Crescent University, Chengalpattu ",August,8,2022,12.8748935,80.0848035
TN015,Tamil Nadu,Chennai,TNPCB,"Gandhi Nagar_Ennore, Chennai ",August,8,2022,13.2176643,80.3209625
TN016,Tamil Nadu,Vellore,TNPCB,"Vasanthapuram, Vellore ",August,8,2022,12.9137849,79.1301573
TN017,Tamil Nadu,Salem,TNPCB,"Sona College of Technology, Salem ",August,8,2022,11.6781339,78.12443880000001
TN018,Tamil Nadu,Ramanathapuram,TNPCB,"Chalai Bazaar, Ramanathapuram ",August,8,2022,9.3662788,78.83401730000001
TN019,Tamil Nadu,Dindigul,TNPCB,"Mendonsa Colony, Dindigul ",September,9,2022,10.3576289,77.9838578
TN020,Tamil Nadu,Coimbatore,TNPCB,"PSG College of Arts and Science, Coimbatore ",September,9,2022,11.0345889,77.0338623
TN021,Tamil Nadu,Ooty,TNPCB,"Bombay Castel, Ooty ",October,10,2022,11.4058852,76.71200639999999
TN022,Tamil Nadu,Kanchipuram,TNPCB,"Kilambi, Kanchipuram ",October,10,2022,12.8650525,79.6714722
TN023,Tamil Nadu,Ariyalur,TNPCB,"Keelapalur, Ariyalur ",December,12,2022,11.0453305,79.0718366
TN024,Tamil Nadu,Cuddalore,TNPCB,"Kudikadu, Cuddalore ",March,3,2023,11.520207,79.3396356
TN025,Tamil Nadu,Cuddalore,TNPCB,"Semmandalam, Cuddalore ",March,3,2023,11.7647483,79.749938
TN026,Tamil Nadu,Palkalaiperur,TNPCB,"Bharathidasan University, Palkalaiperur ",March,3,2023,10.6779768,78.7384253
TR001,Tripura,Agartala,Tripura SPCB,"Kunjaban, Agartala ",November,11,2020,23.8635079,91.2903074
TR002,Tripura,Agartala,Tripura SPCB,"Bardowali, Agartala ",March,3,2022,23.8238368,91.271808
UK001,Uttarakhand,Dehradun,UKPCB,"Doon University, Dehradun ",April,4,2022,30.26960499999999,78.0435281
UK002,Uttarakhand,Kashipur,UKPCB,"Govt. Girls Inter College, Kashipur ",February,2,2023,29.2104232,78.9618845
UK003,Uttarakhand,Rishikesh,UKPCB,"Shivaji Nagar, Rishikesh ",February,2,2023,30.0782097,78.2832069
UP001,Uttar Pradesh,Lucknow,CPCB,"Talkatora District Industries Center, Lucknow ",January,1,2010,26.8690187,80.92728249999999
UP002,Uttar Pradesh,Lucknow,CPCB,"Kendriya Vidyalaya, Lucknow ",January,1,2010,26.8466937,80.94616599999999
UP003,Uttar Pradesh,Varanasi,UPPCB,"Ardhali Bazar, Varanasi ",October,10,2010,25.3476918,82.9808861
UP004,Uttar Pradesh,Agra,UPPCB,"Sanjay Palace, Agra ",October,10,2010,27.1986569,78.0059814
UP005,Uttar Pradesh,Kanpur,UPPCB,"Nehru Nagar, Kanpur ",October,10,2010,26.4670945,80.3219999
UP006,Uttar Pradesh,Lucknow,CPCB,"Lalbagh, Lucknow ",November,11,2010,26.8459624,80.9415089
UP007,Uttar Pradesh,Noida,IMD,"Sector   62, Noida ",December,12,2012,28.627981,77.3648567
UP008,Uttar Pradesh,Noida,UPPCB,"Sector   125, Noida ",September,9,2017,28.5437925,77.3310067
UP009,Uttar Pradesh,Ghaziabad,UPPCB,"Vasundhara, Ghaziabad ",September,9,2017,28.6623758,77.37344
UP010,Uttar Pradesh,Moradabad,UPPCB,"Lajpat Nagar, Moradabad ",November,11,2017,28.8253591,78.7830383
UP011,Uttar Pradesh,Lucknow,UPPCB,"Nishant Ganj, Lucknow ",December,12,2017,26.8669313,80.94980149999999
UP012,Uttar Pradesh,Greater Noida,UPPCB,"Knowledge Park   III, Greater Noida ",May,5,2018,28.4784639,77.4817901
UP013,Uttar Pradesh,Bulandshahr,UPPCB,"Yamunapuram, Bulandshahr ",May,5,2018,28.4088401,77.8295809
UP014,Uttar Pradesh,Muzaffarnagar,UPPCB,"New Mandi, Muzaffarnagar ",June,6,2018,29.4676905,77.7115687
UP015,Uttar Pradesh,Baghpat,UPPCB,"New Collectorate, Baghpat ",July,7,2018,28.94,77.22
UP016,Uttar Pradesh,Hapur,UPPCB,"Anand Vihar, Hapur ",October,10,2018,28.7222506,77.7537913
UP017,Uttar Pradesh,Ghaziabad,UPPCB,"Sanjay Nagar, Ghaziabad ",February,2,2019,28.6939957,77.4549679
UP018,Uttar Pradesh,Ghaziabad,UPPCB,"Indirapuram, Ghaziabad ",February,2,2019,28.6460176,77.3695166
UP019,Uttar Pradesh,Ghaziabad,UPPCB,"Loni, Ghaziabad ",February,2,2019,28.7317295,77.2900919
UP020,Uttar Pradesh,Greater Noida,UPPCB,"Knowledge Park   V, Greater Noida ",June,6,2019,28.5508777,77.47088509999999
UP021,Uttar Pradesh,Noida,UPPCB,"Sector 1, Noida ",June,6,2019,28.5900173,77.3116215
UP022,Uttar Pradesh,Noida,UPPCB,"Sector 116, Noida ",June,6,2019,28.563911,77.41050349999999
UP023,Uttar Pradesh,Meerut,UPPCB,"Jai Bhim Nagar, Meerut ",June,6,2019,28.9579131,77.75951309999999
UP024,Uttar Pradesh,Lucknow,UPPCB,"Gomti Nagar, Lucknow ",August,8,2019,26.8496217,81.0072193
UP025,Uttar Pradesh,Meerut,UPPCB,"Ganga Nagar, Meerut ",October,10,2019,28.9997246,77.7593586
UP026,Uttar Pradesh,Meerut,UPPCB,"Pallavpuram Phase 2, Meerut ",October,10,2019,29.0641002,77.7151616
UP027,Uttar Pradesh,Kanpur,IITK,"IITK, Kanpur ",December,12,2020,26.5123251,80.2333343
UP028,Uttar Pradesh,Agra,UPPCB,"Shastripuram, Agra ",June,6,2021,27.2191944,77.9172985
UP029,Uttar Pradesh,Varanasi,UPPCB,"Bhelupur, Varanasi ",June,6,2021,25.3016276,82.9962631
UP030,Uttar Pradesh,Agra,UPPCB,"Sector 3B Avas Vikas Colony, Agra ",June,6,2021,27.1928793,77.96733669999999
UP031,Uttar Pradesh,Varanasi,UPPCB,"IESD Banaras Hindu University, Varanasi ",June,6,2021,25.3356491,83.0076292
UP032,Uttar Pradesh,Gorakhpur,UPPCB,"Madan Mohan Malaviya University of Technology, Gorakhpur ",June,6,2021,26.7314295,83.4331276
UP033,Uttar Pradesh,Prayagraj,UPPCB,"Motilal Nehru NIT, Prayagraj ",June,6,2021,25.4239934,81.8112481
UP034,Uttar Pradesh,Agra,UPPCB,"Manoharpur, Agra ",June,6,2021,27.2344638,78.0266735
UP035,Uttar Pradesh,Lucknow,UPPCB,"B R Ambedkar University, Lucknow ",June,6,2021,26.764808,80.9305892
UP036,Uttar Pradesh,Prayagraj,UPPCB,"Jhunsi, Prayagraj ",June,6,2021,25.4290183,81.9139692
UP037,Uttar Pradesh,Firozabad,UPPCB,"Nagla Bhau, Firozabad ",July,7,2021,27.1668521,78.3764899
UP038,Uttar Pradesh,Prayagraj,UPPCB,"Nagar Nigam, Prayagraj ",July,7,2021,25.3791217,81.8088078
UP039,Uttar Pradesh,Lucknow,UPPCB,"Kukrail Picnic Spot 1, Lucknow ",July,7,2021,26.9013733,80.98313449999999
UP040,Uttar Pradesh,Kanpur,UPPCB,"NSI Kalyanpur, Kanpur ",July,7,2021,26.5068262,80.251966
UP041,Uttar Pradesh,Varanasi,UPPCB,"Maldahiya, Varanasi ",July,7,2021,25.325495,82.9951758
UP042,Uttar Pradesh,Agra,UPPCB,"Rohta, Agra ",July,7,2021,27.1092929,78.0024134
UP043,Uttar Pradesh,Vrindavan,UPPCB,"Omex Eternity, Vrindavan ",August,8,2021,27.5653498,77.6392166
UP044,Uttar Pradesh,Kanpur,UPPCB,"FTI Kidwai Nagar, Kanpur ",September,9,2021,26.4283984,80.3281672
UP045,Uttar Pradesh,Agra,UPPCB,"Shahjahan Garden, Agra ",September,9,2021,27.1747896,78.0251692
UP046,Uttar Pradesh,Moradabad,UPPCB,"Employment Office, Moradabad ",November,11,2021,28.8853105,78.7387581
UP047,Uttar Pradesh,Moradabad,UPPCB,"Buddhi Vihar, Moradabad ",December,12,2021,28.8320769,78.7221251
UP048,Uttar Pradesh,Moradabad,UPPCB,"Jigar Colony, Moradabad ",December,12,2021,28.8552539,78.7709978
UP049,Uttar Pradesh,Moradabad,UPPCB,"Eco Herbal Park, Moradabad ",January,1,2022,28.8412553,78.6966886
UP050,Uttar Pradesh,Baghpat,UPPCB,"Sardar Patel Inter College, Baghpat ",January,1,2022,28.9421565,77.2161925
UP051,Uttar Pradesh,Firozabad,UPPCB,"Vibhab Nagar, Firozabad ",February,2,2022,27.1640151,78.3913328
UP052,Uttar Pradesh,Jhansi,UPPCB,"Shivaji Nagar, Jhansi ",February,2,2022,25.4504122,78.594297
UP053,Uttar Pradesh,Bareilly,UPPCB,"Rajendra Nagar, Bareilly ",May,5,2022,28.3872102,79.4261906
UP054,Uttar Pradesh,Khurja,UPPCB,"Kalindi Kunj, Khurja ",June,6,2022,28.2360265,77.8686097
UP055,Uttar Pradesh,Moradabad,UPPCB,"Transport Nagar, Moradabad ",June,6,2022,28.8796553,78.8095335
UP056,Uttar Pradesh,Moradabad,UPPCB,"Kashiram Nagar, Moradabad ",June,6,2022,28.8507769,78.7433698
UP057,Uttar Pradesh,Bareilly,UPPCB,"Civil Lines, Bareilly ",August,8,2022,28.3349422,79.43390029999999
WB001,West Bengal,Haldia,WBPCB,"Priyambada Housing Estate, Haldia ",December,12,2015,22.078297,88.1416722
WB002,West Bengal,Kolkata,WBPCB,"Victoria, Kolkata ",January,1,2016,22.5448082,88.3425578
WB003,West Bengal,Howrah,WBPCB,"Ghusuri, Howrah ",June,6,2016,22.6114858,88.35401449999999
WB004,West Bengal,Durgapur,WBPCB,"Sidhu Kanhu Indoor Stadium, Durgapur ",July,7,2016,23.5404375,87.2914219
WB005,West Bengal,Kolkata,WBPCB,"Rabindra Bharati University, Kolkata ",September,9,2016,22.5844542,88.3593841
WB006,West Bengal,Howrah,WBPCB,"Padmapukur, Howrah ",January,1,2018,22.5682566,88.3057431
WB007,West Bengal,Asansol,WBPCB,"Asansol Court Area, Asansol ",February,2,2018,23.6871984,86.9461361
WB008,West Bengal,Siliguri,WBPCB,"Ward 32 Bapupara, Siliguri ",February,2,2018,26.7164127,88.4309916
WB009,West Bengal,Kolkata,WBPCB,"Fort William, Kolkata ",May,5,2019,22.5587655,88.3377644
WB010,West Bengal,Howrah,WBPCB,"Belur Math, Howrah ",May,5,2019,22.6326565,88.3563815
WB011,West Bengal,Kolkata,WBPCB,"Jadavpur, Kolkata ",June,6,2019,22.4954988,88.3709008
WB012,West Bengal,Kolkata,WBPCB,"Rabindra Sarobar, Kolkata ",August,8,2019,22.5121451,88.3636952
WB013,West Bengal,Kolkata,WBPCB,"Bidhannagar, Kolkata ",August,8,2019,22.5931155,88.38288109999999
WB014,West Bengal,Kolkata,WBPCB,"Ballygunge, Kolkata ",August,8,2019,22.5280352,88.36590830000002
